timestamp_s,ch1_uV,ch2_uV,ch3_uV,ch4_uV,ch5_uV,ch6_uV,ch7_uV,ch8_uV,ch9_uV,ch10_uV,ch11_uV,ch12_uV,ch13_uV,ch14_uV,ch15_uV,ch16_uV
1767.504699913,366.1886,134765.625,110229.4844,79833.9688,99885.5391,66996.2656,158544.5938,179767.1719,-19.6472,4182.2798,-15.0204,1089.5581,-68646.25,-19022.877,-86526.2188,-51696.1445
1767.508493417,0.0,0.0,0.0,0.0,0.0,0.0,0.0,0.0224,0.0,0.0,0.0,0.0,0.0,0.0,0.0,82031.2578
1767.509088505,-14.6851,-16.1827,-18.0379,-16.8085,-92231.8359,-20830.752,-25361.3184,-43442.293,-46333.1992,187493.2031,140780.2344,132041.7656,185120.25,-104568.7734,134161.4531,93750.0078
1767.512877712,-14.618,-16.1603,-18.0379,-16.7415,-92275.8438,-20889.6504,-25426.875,-43494.5938,-311.0916,4591.7861,-285.4988,1493.5659,-68716.1953,-19101.0625,-86600.9844,-51759.957
1767.545611019,-14.5733,-16.0709,-18.0155,-16.7638,-92270.4375,-20878.0273,-25418.873,-43498.1953,-247.6573,4553.4082,-225.7303,1455.9032,-68710.9141,-19091.9883,-86589.5156,-51753.4961
1767.548878713,-14.6627,-16.1156,-17.9708,-16.7862,-92271.4453,-20900.6465,-25450.7246,-43523.4492,-284.7836,4471.0864,-267.1033,1372.0842,-68714.25,-19112.7754,-86584.3359,-51768.3398
1767.56052563,0.0,0.0,0.0,0.0,0.0,0.0,0.0,40.0543,0.0,0.0,0.0,0.0,0.0671,-187500.0,-366.0322,8950.376
1767.561124199,-15014.6729,-16502.4043,-18379.2363,-17194.6602,23687.998,9199.4863,-143351.375,86517.3438,2760.3733,-137399.2344,-38162.9453,-173147.7188,-103477.0469,0.0,0.0,0.0
1767.564911777,-14.6404,-16.205,-17.9932,-16.7415,-92276.5391,-20898.7461,-25453.6973,-43527.3867,-283.1072,4499.7192,-264.3317,1401.0297,-68718.9219,-19117.0215,-86587.6875,-51766.6641
1767.577046671,-14.6404,-16.1156,-17.9708,-16.8085,-92255.8203,-20857.5742,-25405.1484,-43484.6055,10679.9766,-174567.6875,-152550.1719,57456.8125,-38824.6211,0.0,0.0,0.0
1767.580853675,-14.618,-16.1827,-17.9708,-16.7862,-92281.6328,-20904.0898,-25460.3574,-43528.6602,-304.5202,4551.2173,-283.6213,1451.9023,-68729.0625,-19117.5137,-86596.9375,-51764.3398
1767.601032521,-14.618,-16.138,-18.0155,-16.8085,-92236.75,-20871.5664,-25420.5059,-43490.5039,4524.3286,100256.5781,-76294.0391,28830.6875,168127.8594,0.0,0.0,0.0
1767.60481973,-14.6404,-16.1827,-18.0602,-16.8309,-92220.9766,-20837.7266,-25377.4336,-43457.5117,-19.7589,4166.2759,-15.0874,1072.6155,-68662.9062,-19033.8965,-86523.6953,-51686.8203
1767.617015312,-14.618,-16.1827,-18.0379,-16.8085,-92247.9766,-20880.3066,-25423.0312,-43496.1133,-64448.5273,162329.3438,-153883.125,59720.5078,-164264.5625,98144.5391,0.0,0.0
1767.620817372,-14.7074,-16.138,-18.0602,-16.8532,-92222.9375,-20839.582,-25373.543,-43454.2266,-21.8377,4163.75,-16.8756,1068.1228,-68659.8438,-19033.2031,-86519.9609,-51682.7969
1767.633010029,-14.618,-16.1156,-18.0379,-16.7638,-92257.4531,-20893.9199,-25437.3125,-43503.4023,46913.6289,33009.3008,175184.7969,184795.1094,45258.4375,-11718.751,0.0,0.0
1767.636803978,-14.6627,-16.1827,-17.9932,-16.7862,-92223.0938,-20845.2812,-25379.8691,-43459.3242,-27.3585,4156.3071,-21.9941,1058.8021,-68665.3438,-19035.3945,-86518.5312,-51685.5938
1767.657012474,-14.6627,-16.1156,-18.0155,-16.7862,-92236.1953,-20855.6074,-25384.8984,-43467.5273,-156072.9531,132915.9688,-9972.208,47556.9336,-146118.1875,0.0,0.0,0.0
1767.660810516,-14.6627,-16.138,-18.0155,-16.7862,-92269.0547,-20891.8848,-25423.1191,-43501.2344,-185.1842,4489.6382,-166.8558,1391.1949,-68712.6406,-19083.0469,-86575.0312,-51722.6953
1767.664604003,0.0,0.0,0.0,0.0,0.0,0.0,41015.6289,23436.5859,23419.4434,47155.3203,-16.9426,70399.0078,112892.1797,-94944.625,88338.6328,-167296.6406
1767.665198442,-23438.6426,-117188.5625,41107.7656,-165369.9844,-25028.5898,67591.8281,46875.0039,0.0,0.0,0.0,0.0,0.0,0.0,0.0,0.0,0.0
1767.668989892,-14.6627,-16.1827,-18.0155,-16.8532,-92220.6406,-20856.0547,-25390.375,-43475.4844,520.8403,-34333.4414,177975.7812,144241.0156,-25844.8301,-187500.0156,0.0,0.0
1767.672785064,-14.6627,-16.1603,-17.9708,-16.7862,-92233.8438,-20854.9375,-25386.084,-43473.7422,-22.0612,4256.7334,-16.2274,1160.9272,-68675.4688,-19044.2227,-86530.8438,-51687.5586
1767.67658905,0.0,0.0,0.0,0.0,0.0,0.0,0.0,41015.6289,183.0384,18678.9062,-37719.7969,154175.4688,85110.5,51443.3203,138202.375,14623.1816
1767.677181656,70311.4766,-1.1399,-70313.5625,64546.1836,-1305.0737,115599.0859,-2718.6204,46875.0039,0.0,0.0,0.0,0.0,0.0,0.0,0.0,0.0
1767.680963458,-14.618,-16.1603,-18.0155,-16.8532,-92284.6719,-20923.3105,-25463.2637,-43539.3438,187353.375,-186776.3906,-34367.3477,177941.1875,144205.625,161625.0,-187500.0156,0.0
1767.692976041,-14.6851,-16.138,-17.9708,-16.8085,-92255.2578,-20866.6504,-25390.6426,-43489.2969,1288.0863,-68698.7578,-19060.9414,-86553.4219,-51704.5898,0.0,0.0,0.0
1767.704972107,-14.6851,-16.205,-17.9932,-16.8085,-92231.0547,-20847.3594,-25356.1309,-43472.1758,93888.8594,-55459.6172,-49255.5781,-104565.7734,87288.7891,46875.0039,0.0,0.0
1767.708763223,80.1087,45.754,-29846.2168,-33187.8906,-36804.2266,-34297.7695,72049.4609,25997.873,-62.7861,4344.2852,-52.549,1247.5179,-68692.7422,-19058.416,-86548.2109,-51702.1992
1767.729501381,-14.618,-16.138,-17.9708,-16.7191,-92289.3047,-20909.6543,-25400.6562,-43531.8555,-277.6981,4575.5811,-254.6311,1475.7516,-68736.5078,-19114.877,-86592.0859,-51744.9805
1767.732771354,1.2517,0.6929,-468.5149,-517.1523,-574.3728,-537.3359,47673.9023,81315.9375,-205.0996,4348.8896,-191.3309,1248.7473,-68714.2266,-19102.4941,-86559.5859,-51734.1641
1767.744943807,-14.6404,-16.138,-18.0155,-16.8309,-92281.5938,-20901.4746,-25381.457,-43524.3672,-187488.7812,-94286.9688,158053.8594,166315.7812,52330.1719,164062.5156,0.0,0.0
1767.764942027,-14.5957,-16.1156,-18.0155,-16.8532,-92281.6562,-20918.5059,-25411.9219,-43540.3477,11206.7627,-174902.5938,-152998.0938,57332.7148,-39053.6836,0.0,0.0,0.0
1767.768735236,0.0,0.0,0.3129,0.1565,-117.1455,-129.126,-143.9676,-134.8704,-56.9522,4155.6812,-50.7608,1058.0869,-68681.5,-19061.9922,-86520.7891,-51701.7969
1767.773067014,-14.7298,-16.138,-18.0155,-16.7862,-92237.8906,-20854.5566,-25338.2051,-43481.2734,0.0,0.0,0.0,0.0,0.0,0.0,0.0,0.0
1767.784947858,-14.6851,-16.205,-18.0379,-16.7862,-92233.3594,-20869.2422,-25361.6309,-43499.8906,-174490.25,-152536.0312,57806.0352,-38660.8281,0.0,0.0,0.0,0.0
1767.788746178,0.0,0.0,2.5034,1.4082,-938.438,-1031.4211,-1153.0146,-1074.6719,-19.5354,4219.875,-14.6627,1125.5444,-68681.9062,-19049.877,-86524.1172,-51692.6797
1767.80096239,-14.7074,-16.138,-17.9932,-16.8309,-92240.5547,-20873.7578,-25379.8926,-43514.6445,177959.8906,144233.5781,161639.1875,-187500.0156,0.0,0.0,0.0,0.0
1767.804753283,0.0,0.0,20.0272,11.4217,-7507.3477,-8262.6572,-9212.5176,-8608.7744,-21.2118,4194.439,-15.6909,1100.8905,-68676.3125,-19048.3125,-86519.6875,-51696.6562
1767.816970921,-14.7298,-16.138,-17.9708,-16.7638,-92251.2812,-20883.1445,-25395.1133,-43528.0547,127554.0078,145676.0625,146484.3906,0.0,0.0,0.0,0.0,0.0
1767.820768222,0.0,0.0,640.8692,366.1886,134765.625,111328.1172,80200.1797,100617.9453,-21.6141,4164.9795,-16.9426,1073.0625,-68672.4922,-19049.252,-86513.6797,-51693.8867
1767.840982644,-14.7074,-16.1156,-17.9708,-16.7638,-92242.1875,-20841.4141,-25358.1875,-43490.8633,103853.0469,58593.7578,0.0,0.0,0.0,0.0,0.0,0.0
1767.844782649,0.0,0.0,20507.8145,11718.2822,-164063.0312,187499.4375,-11719.2881,-155227.5469,-225.7973,4528.6421,-204.8761,1433.1715,-68723.9453,-19097.375,-86576.7344,-51742.1445
1767.857000787,-14.6627,-16.0933,-18.0602,-16.7862,-92237.1094,-20839.7832,-25352.1523,-43485.5195,0.0,0.0,0.0,0.0,0.0,0.0,0.0,0.0
1767.860804903,0.0,1.2517,0.6929,-468.5149,-515.7218,-575.8033,-537.3359,47394.2383,-175.7071,4475.7803,-157.9374,1380.3542,-68713.4453,-19085.3496,-86562.9609,-51734.7227
1767.880993937,-14.6404,-16.205,-17.9932,-16.8085,-92281.4531,-20897.1602,-25432.6191,-43538.7852,0.0,0.0,0.0,0.0,0.0,0.0,0.0,0.0
1767.913563551,-14.5733,-16.1603,-17.9708,-16.8085,-92280.3828,-20891.9746,-25435.5918,-43533.2188,-302.8214,4585.6392,-279.3298,1488.4027,-68740.2422,-19127.0801,-86590.5703,-51768.3594
1767.916832856,0.0,5.0068,2.8387,-1873.9926,-2074.2642,-2291.7019,-2155.0659,-180977.0625,-37633.9023,-70742.7109,36872.5547,-14048.9658,-30510.7578,-120958.3438,0.0,0.0
1768.097651683,-14.618,-16.1827,-17.9261,-16.7862,-92244.6406,-20863.498,-25453.8086,-43528.0547,-314.489,4581.3926,-292.7184,1482.4572,-68737.3828,-19123.3926,-86592.8516,-51761.543
1768.101634353,-14.7298,-16.1827,-17.9708,-16.7638,-92189.5703,-20809.9219,-25396.6328,-43479.9336,-117.3243,4220.0762,-109.0095,1122.4376,-68687.625,-19077.8398,-86533.4609,-51720.3516
1768.224869128,-14.7074,-16.1603,-17.9932,-16.8756,-92166.0078,-20786.5859,-25412.2578,-43452.1055,-40.6802,4316.3677,-33.6394,1219.6453,-68695.0938,-19050.75,-86534.2891,-51703.4062
1768.228865946,-14.6851,-16.1827,-17.9932,-16.7862,-92185.9062,-20801.8965,-25434.6973,-43464.1055,-272.8477,4573.4351,-250.2278,1474.0081,-68742.1641,-19107.0977,-86583.6172,-51754.4805
1768.232866375,-14.618,-16.138,-18.0602,-16.8085,-92229.4219,-20858.0215,-25506.0898,-43515.2031,-217.4601,4350.4092,-202.0151,1250.8036,-68720.5703,-19096.9062,-86551.9688,-51748.5586
1768.236874656,-14.6627,-16.1156,-18.0602,-16.8532,-92188.9453,-20827.9805,-25486.5098,-43489.9219,-29.169,4164.4204,-23.7376,1067.7428,-68681.0312,-19044.4453,-86512.4688,-51704.7031
1768.240868622,-14.6851,-16.138,-18.0155,-16.7638,-92167.0391,-20786.9883,-25448.0645,-43454.9414,-31.1583,4292.6304,-24.9669,1196.3995,-68693.1016,-19049.2734,-86529.1484,-51709.0625
1768.244871441,-14.6627,-16.138,-18.0379,-16.7191,-92183.9844,-20795.2578,-25462.5039,-43462.6523,-237.1744,4540.6899,-217.3037,1442.4028,-68735.6406,-19097.0176,-86574.875,-51751.6875
1768.248873018,-14.6851,-16.0709,-18.0155,-16.7862,-92226.4297,-20848.2539,-25529.7598,-43513.1914,-251.2783,4413.7988,-236.5038,1313.9696,-68730.0078,-19102.9414,-86561.5312,-51756.3359
1768.252903799,-14.6627,-16.1156,-17.9708,-16.8309,-92198.0156,-20834.9336,-25529.4258,-43506.0391,-37.9086,4153.0435,-32.1642,1056.1199,-68681.5703,-19042.4785,-86511.4844,-51705.8672
1768.256876858,-14.6851,-16.1603,-17.9708,-16.7862,-92165.6562,-20786.8535,-25484.3867,-43463.0352,-35.3605,4293.7256,-26.1515,1198.7465,-68695.6484,-19049.4082,-86530.3516,-51713.6445
1768.260878028,-14.6851,-16.1156,-18.0155,-16.8085,-92184.4922,-20797.3379,-25501.709,-43472.1523,-187.0841,4489.8843,-167.2134,1392.4019,-68728.2188,-19085.9082,-86565.5781,-51747.3047
1768.264879549,-14.6404,-16.0709,-18.0826,-16.8085,-92218.5391,-20838.7324,-25556.7832,-43512.3438,-304.1625,4499.7412,-283.5542,1399.0179,-68744.625,-19118.7656,-86575.6172,-51774.2852
1768.268881571,-14.618,-16.1156,-18.0602,-16.8085,-92208.9219,-20850.0195,-25581.3262,-43525.7773,-58.6063,4138.8501,-52.3701,1041.3901,-68685.0781,-19050.7715,-86509.875,-51716.2578
1768.272883704,-14.6627,-16.1827,-18.0826,-16.8532,-92159.75,-20788.709,-25519.8594,-43469.5625,-21.9941,4255.9062,-16.6968,1159.8097,-68691.8047,-19045.832,-86523.3359,-51714.7852
1768.276885078,-14.618,-16.1156,-18.0379,-16.8085,-92176.0469,-20792.7773,-25527.793,-43469.2031,-147.8791,4448.6675,-131.5624,1351.0065,-68721.4219,-19076.7891,-86557.5547,-51742.5
1768.280892896,-14.5733,-16.1156,-18.0155,-16.8309,-92209.7109,-20832.1836,-25576.207,-43502.1289,-327.1848,4552.6704,-304.6766,1452.3717,-68752.6484,-19125.6719,-86585.7422,-51783.3828
1768.28487951,-14.618,-16.138,-18.0379,-16.7862,-92216.3203,-20861.5098,-25619.2793,-43529.2188,-82.4109,4153.5801,-74.9678,1054.8682,-68689.5469,-19060.0254,-86514.7266,-51725.1094
1768.288874699,-14.7298,-16.205,-18.0379,-16.8085,-92158.4766,-20792.4863,-25553.3867,-43468.3555,-21.8153,4237.2651,-16.1156,1140.1401,-68688.4297,-19045.5195,-86520.2969,-51714.2031
1768.292874536,-14.618,-16.138,-18.0602,-16.7862,-92172.9375,-20789.0449,-25554.5039,-43466.1406,-101.2311,4399.874,-87.7529,1302.5256,-68712.75,-19068.2949,-86549.2812,-51736.6875
1768.29686515,-14.5957,-16.0709,-18.0155,-16.7638,-92200.4531,-20818.2363,-25591.9434,-43493.0508,-310.4657,4572.3848,-288.494,1472.4882,-68750.8594,-19121.6055,-86585.5391,-51782.0859
1768.300862801,-14.5733,-16.1156,-18.0155,-16.8309,-92220.8203,-20859.3633,-25647.6426,-43531.7227,-114.3068,4209.9287,-106.5061,1111.1276,-68701.0781,-19072.7656,-86525.6406,-51738.4766
1768.304857879,-14.6627,-16.1827,-18.0155,-16.8532,-92163.5312,-20801.6504,-25592.0547,-43480.7148,-22.3517,4208.3862,-16.3838,1112.2899,-68689.125,-19044.334,-86518.7734,-51716.2148
1768.308858382,-14.6851,-16.1156,-18.0155,-16.8085,-92169.6953,-20792.1738,-25579.7832,-43467.9727,-60.2156,4346.3413,-50.8279,1248.7473,-68705.3516,-19055.1758,-86540.3438,-51729.0664
1768.312862645,-14.6627,-16.1156,-18.0155,-16.7638,-92191.7578,-20811.1055,-25603.0078,-43483.4844,-302.2403,4589.7744,-279.7544,1489.1626,-68751.0859,-19111.6797,-86587.9297,-51778.5977
1768.316857315,-14.618,-16.0709,-18.0155,-16.8309,-92226.5625,-20864.0117,-25669.168,-43531.2734,-164.5312,4278.8838,-153.2659,1179.0769,-68713.1094,-19079.0684,-86539.3828,-51751.3086
1768.32085167,-14.6627,-16.1156,-18.0379,-16.8979,-92172.0703,-20815.084,-25624.957,-43487.7539,-22.5306,4179.5303,-17.4791,1083.0092,-68686.7344,-19037.6953,-86515.4922,-51718.25
1768.324849525,-14.6404,-16.1156,-18.0379,-16.8532,-92164.1094,-20788.6641,-25598.4238,-43461.2461,-48.3692,4326.314,-38.3556,1230.0388,-68704.9922,-19051.4199,-86538.9844,-51730.8555
1768.328845843,-14.6404,-16.138,-18.0379,-16.7638,-92185.5703,-20804.1992,-25621.0664,-43474.5664,-275.4182,4575.9609,-252.6418,1476.0645,-68750.9062,-19108.373,-86587.4141,-51780.7656
1768.332849698,-14.618,-16.0486,-18.0379,-16.7415,-92225.1328,-20857.8438,-25688.7266,-43525.1289,-210.1511,4353.3599,-195.6225,1253.2623,-68728.8438,-19097.4199,-86556.125,-51771.7383
1768.33686959,-14.6851,-16.0933,-17.9708,-16.8085,-92182.6641,-20823.7344,-25660.7188,-43500.9414,-27.9844,4151.792,-22.62,1055.3153,-68687.4453,-19042.9258,-86512.9609,-51726.3633
1768.340859242,-14.6851,-16.138,-17.9932,-16.8309,-92161.4531,-20783.457,-25615.7695,-43464.8008,-34.7793,4294.9995,-25.5927,1199.3052,-68702.0,-19049.6309,-86532.2344,-51734.832
1768.344855986,-14.7074,-16.1156,-18.0155,-16.7862,-92182.2578,-20796.2871,-25629.3828,-43474.8125,-226.602,4532.6211,-205.4349,1433.5962,-68743.3906,-19096.9961,-86575.8203,-51775.7383
1768.348851267,-14.6404,-16.1156,-18.0155,-16.8085,-92222.7188,-20848.0078,-25690.0664,-43521.8203,-267.148,4437.3579,-250.6525,1335.6285,-68743.7266,-19110.3613,-86568.1953,-51786.5781
1768.353749985,-14.7298,-16.138,-18.0155,-16.8085,-92162.9922,-20786.0273,-25628.9355,-43472.5547,-39.5402,4152.9541,-34.2205,1054.7118,-68692.5234,-19047.5312,-86514.9062,-51735.8828
1768.357745729,-14.6851,-16.138,-18.0379,-16.8085,-92179.0625,-20790.9453,-25632.3555,-43476.4688,-22.7764,4267.708,-17.4567,1170.7397,-68700.2344,-19045.7656,-86529.5469,-51735.9727
1768.369742628,-14.6627,-16.205,-17.9932,-16.7862,-92163.8828,-20787.5918,-25643.0156,-43476.2227,-54.5606,4153.7363,-48.2127,1055.2706,-68697.1719,-19050.9961,-86517.1406,-51738.0508
1768.37374802,-14.6627,-16.1827,-18.0379,-16.7862,-92184.2734,-20794.1855,-25649.2754,-43482.4336,-29.2137,4263.9531,-20.6754,1168.2139,-68705.6406,-19049.0957,-86531.3594,-51738.0742
1768.385748937,-14.6627,-16.1603,-17.9708,-16.8085,-92168.6016,-20791.0117,-25655.2422,-43486.5938,-79.0581,4168.958,-71.9279,1069.3298,-68706.0,-19061.7695,-86520.6562,-51740.6914
1768.389756033,-14.7298,-16.138,-17.9708,-16.8085,-92184.0,-20788.373,-25650.0117,-43486.125,-23.4693,4234.1133,-17.1885,1137.1226,-68704.5938,-19047.5078,-86524.6719,-51728.1719
1768.401765358,-14.7074,-16.1827,-17.9932,-16.8756,-92176.1797,-20797.1582,-25669.8613,-43504.875,-113.5245,4217.126,-104.9861,1116.2686,-68716.3281,-19074.9121,-86529.3438,-51748.7383
1768.413767516,-14.618,-16.138,-18.0155,-16.8756,-92238.25,-20858.2227,-25738.2344,-43559.9062,-301.7262,4591.0259,-276.8711,1489.3414,-68766.0547,-19115.2793,-86590.6797,-51788.8594
1768.425771766,-14.6851,-16.138,-17.9932,-16.7862,-92201.1484,-20799.7285,-25678.9355,-43501.5469,-41.9319,4315.6523,-34.4887,1216.4937,-68715.9453,-19050.3027,-86538.4453,-51735.6172
1768.437766332,-14.6851,-16.1156,-18.0155,-16.8756,-92180.5859,-20781.5781,-25670.1953,-43491.7109,-27.7385,4151.3003,-22.4859,1051.9849,-68696.5469,-19038.3672,-86515.2656,-51729.4023
1768.449767878,-14.6404,-16.138,-17.9932,-16.8085,-92213.2578,-20825.1641,-25735.1289,-43538.4258,-242.8964,4428.3501,-226.3561,1325.6595,-68745.9609,-19103.5664,-86567.7266,-51779.5352
1768.461767796,-14.618,-16.1156,-18.0155,-16.8085,-92236.2812,-20828.9863,-25739.1074,-43542.1367,-174.053,4479.2451,-157.2892,1379.7955,-68737.0703,-19082.1992,-86566.0469,-51760.293
1768.469804006,-14.6851,-16.1827,-18.0155,-16.8979,-92178.7969,-20777.2656,-25691.7871,-43497.8125,-62.9202,4136.8164,-56.5499,1037.3668,-68695.4453,-19052.291,-86511.7344,-51735.5703
1768.481778201,-14.618,-16.1603,-18.0602,-16.7862,-92239.8828,-20848.6797,-25774.8477,-43561.6289,-318.0877,4557.8335,-296.2053,1454.8527,-68761.0547,-19118.543,-86583.4375,-51795.1602
1768.493785618,-14.6627,-16.1156,-18.0602,-16.7862,-92225.1953,-20810.8594,-25729.6973,-43526.6914,-91.3739,4379.355,-79.5499,1280.7325,-68717.0156,-19061.1875,-86542.3125,-51741.3398
1768.505785739,-14.6627,-16.1156,-17.9708,-16.7862,-92195.8906,-20780.5059,-25703.6113,-43501.9922,-21.4577,4204.0947,-16.205,1105.0255,-68692.2266,-19044.5801,-86515.9375,-51721.5117
1768.517797693,-14.7522,-16.2274,-18.0379,-16.8756,-92196.8594,-20795.6152,-25729.0488,-43522.2422,-160.9326,4275.2627,-150.092,1173.2654,-68714.3359,-19086.1777,-86538.5078,-51751.6211
1768.529795722,-14.6627,-16.1156,-17.9708,-16.8085,-92254.3906,-20840.3418,-25782.8945,-43568.1562,-268.1315,4567.2212,-246.0704,1465.4698,-68746.4141,-19107.6797,-86583.7266,-51768.2734
1768.541810361,-14.5957,-16.138,-17.9932,-16.7862,-92211.5156,-20780.9766,-25723.3262,-43521.707,-31.8065,4294.5303,-25.5257,1195.6842,-68695.2266,-19049.7656,-86530.4453,-51716.6172
1768.553822186,-14.6627,-16.138,-18.0155,-16.8085,-92189.1641,-20768.9277,-25716.1074,-43513.2812,-38.3109,4140.2358,-32.3877,1040.6078,-68679.4688,-19047.7539,-86510.7734,-51708.168
1768.565823844,-14.6404,-16.205,-18.0379,-16.8532,-92230.1406,-20829.0098,-25786.291,-43568.9141,-293.4784,4497.9756,-273.8089,1395.1735,-68740.6406,-19122.3418,-86579.0156,-51765.9688
1768.569827477,-14.7074,-16.1827,-18.0826,-16.8309,-92189.5938,-20771.7676,-25726.5664,-43519.6523,-57.4887,4146.606,-51.5878,1046.5757,-68681.6562,-19057.7676,-86514.6172,-51707.4961
1768.57382485,-14.6851,-16.1156,-17.9932,-16.7862,-92206.9141,-20777.0859,-25731.8652,-43524.457,-23.5587,4255.2803,-17.7026,1157.6191,-68686.9297,-19053.0957,-86527.3359,-51703.6523
1768.584692833,-14.6404,-16.138,-17.9932,-16.7862,-92240.9766,-20833.8379,-25804.1719,-43581.9883,-82.5003,4167.5049,-75.4371,1067.1393,-68685.8594,-19068.7207,-86519.1094,-51712.9531
1768.588696652,-14.7074,-16.1603,-18.0379,-16.7862,-92190.8203,-20769.7109,-25741.1621,-43528.3906,-30.9125,4246.7422,-22.62,1149.4608,-68687.875,-19059.4883,-86528.0938,-51708.4141
1768.592694638,-14.6851,-16.1156,-18.0155,-16.7862,-92209.6875,-20770.9629,-25743.5996,-43533.7773,-102.3039,4392.5425,-87.4847,1294.7695,-68709.4219,-19080.9922,-86553.2188,-51728.0625
1768.596691661,-14.6404,-16.1156,-18.0155,-16.8309,-92236.7344,-20800.6895,-25776.3887,-43562.2539,-316.7242,4577.7266,-293.5231,1476.1316,-68749.6953,-19136.2441,-86592.7109,-51773.6602
1768.600689406,-14.6851,-16.138,-18.0155,-16.8309,-92253.2969,-20839.5156,-25822.502,-43597.9492,-117.5031,4205.4585,-108.7859,1104.9362,-68697.5703,-19085.7969,-86531.0234,-51728.5742
1768.604686781,-14.7745,-16.1827,-17.9932,-16.8085,-92195.625,-20777.4434,-25754.8867,-43541.2422,-28.1855,4213.4604,-20.6083,1116.8273,-68686.7109,-19061.3887,-86525.1641,-51707.0938
1768.608681156,-14.6851,-16.138,-17.9708,-16.8532,-92206.8281,-20772.5039,-25745.4551,-43536.125,-64.5071,4340.9995,-53.7112,1245.4167,-68700.9219,-19075.8496,-86544.1016,-51716.9297
1768.612681845,-14.6627,-16.138,-17.9932,-16.8309,-92228.8594,-20793.2012,-25767.6719,-43555.7734,-317.9312,4601.9785,-292.2938,1501.9255,-68749.2031,-19138.0098,-86594.9922,-51768.6289
1768.616684702,-14.6627,-16.138,-17.9932,-16.8532,-92263.8672,-20847.7188,-25830.7266,-43608.0312,-168.778,4277.2524,-157.5798,1177.1099,-68708.6797,-19105.5781,-86544.7734,-51737.8047
1768.620678706,-14.6627,-16.1156,-18.0155,-16.8309,-92205.4609,-20791.2129,-25771.5391,-43558.543,-22.1282,4179.4409,-17.1885,1081.8243,-68679.9609,-19062.5508,-86518.5078,-51702.4023
1768.624679914,-14.6404,-16.1156,-18.0826,-16.8085,-92204.8359,-20772.9062,-25747.2871,-43539.7461,-43.7647,4321.1509,-35.1816,1223.0204,-68695.4062,-19071.2461,-86538.3984,-51711.9023
1768.628674567,-14.6627,-16.0933,-18.0155,-16.8309,-92227.5469,-20792.5312,-25767.1582,-43555.5469,-280.5591,4582.6216,-257.2462,1481.563,-68743.6172,-19128.5117,-86588.3125,-51762.5508
1768.632672034,-14.6404,-16.1156,-18.0155,-16.8085,-92268.5625,-20851.8086,-25836.002,-43609.0586,-218.8012,4358.2549,-204.6749,1256.7939,-68722.0938,-19118.4746,-86557.2188,-51752.6484
1768.636675076,-14.6851,-16.1827,-17.9932,-16.8309,-92219.1875,-20809.7422,-25798.25,-43574.3672,-27.895,4152.5967,-22.8435,1053.7283,-68679.6719,-19062.8867,-86515.3125,-51706.7148
1768.640669525,-14.6627,-16.1827,-17.9261,-16.8309,-92203.7656,-20773.9805,-25759.2461,-43543.1211,-30.7113,4287.5786,-24.0058,1189.8503,-68691.6953,-19065.6133,-86532.9688,-51712.2812
1768.644665937,-14.6404,-16.1827,-17.9932,-16.8532,-92222.5625,-20783.5469,-25771.1582,-43552.3945,-227.2278,4527.8823,-206.2842,1428.6117,-68732.2656,-19111.7246,-86577.2656,-51751.8672
1768.648691626,-14.5957,-16.0709,-18.0379,-16.8756,-92263.6172,-20836.6543,-25833.1855,-43601.1016,-267.8633,4444.6445,-250.2948,1343.1163,-68733.7188,-19129.1816,-86572.5312,-51765.0977
1768.652710686,-14.6851,-16.0709,-18.0155,-16.8085,-92230.9219,-20818.3691,-25821.0938,-43587.1094,-41.306,4142.6055,-35.8075,1044.2064,-68680.9688,-19065.5684,-86515.5547,-51709.3984
1768.656690728,-14.6851,-16.1156,-18.0379,-16.7862,-92199.8047,-20770.8281,-25768.6777,-43542.8086,-23.4917,4266.6797,-17.9037,1169.3986,-68690.6406,-19064.2266,-86531.0703,-51708.5469
1768.660673677,-14.5957,-16.0933,-17.9932,-16.7415,-92218.3125,-20779.8359,-25777.4844,-43548.5078,-180.2892,4484.6318,-161.7819,1385.5623,-68725.0859,-19102.293,-86569.3828,-51740.9805
1768.664663311,-14.6627,-16.1156,-18.0379,-16.8532,-92259.7109,-20830.5742,-25833.9453,-43595.3555,-308.3647,4513.2417,-288.1587,1411.9597,-68744.5078,-19138.9727,-86583.2578,-51769.8125
1768.668665148,-14.6851,-16.138,-18.0155,-16.8532,-92243.9062,-20833.1445,-25841.9922,-43603.2031,-61.3779,4148.752,-55.3429,1050.1744,-68685.1641,-19074.6875,-86517.5234,-51713.4648
1768.672659505,-14.7074,-16.1603,-18.0155,-16.8309,-92199.5625,-20775.5215,-25777.3945,-43552.9766,-21.7035,4242.5625,-16.2274,1147.1586,-68688.6328,-19067.8711,-86525.8828,-51708.7266
1768.676655954,-14.6851,-16.1156,-18.0155,-16.7638,-92216.3906,-20779.3438,-25778.916,-43556.1953,-140.5031,4444.7783,-124.5216,1346.9161,-68718.625,-19100.4824,-86561.0234,-51739.4141
1768.680654254,-14.618,-16.138,-18.0379,-16.8085,-92255.3516,-20822.9297,-25827.6875,-43597.3906,-339.7018,4574.6421,-316.2548,1473.1141,-68752.0469,-19153.4551,-86593.9453,-51783.0469
1768.684654314,-14.618,-16.1156,-17.9708,-16.7638,-92256.6484,-20845.5059,-25857.1016,-43619.5195,-92.5139,4169.6284,-84.579,1070.0004,-68690.9375,-19090.2891,-86523.0234,-51725.0
1768.688651967,-14.7074,-16.1156,-17.9708,-16.7862,-92203.0,-20780.2383,-25785.2402,-43560.957,-25.7492,4237.3989,-18.3731,1140.252,-68690.1328,-19074.7559,-86527.0234,-51711.7891
1768.692648768,-14.6627,-16.1156,-17.9708,-16.8085,-92220.8359,-20782.4277,-25785.3965,-43561.582,-94.4361,4386.3511,-80.891,1289.651,-68711.4297,-19094.4688,-86551.6953,-51728.7109
1768.696645291,-14.6404,-16.0709,-17.9932,-16.8532,-92251.2188,-20812.5137,-25821.1602,-43588.7422,-326.559,4592.6128,-302.5756,1491.6884,-68755.9297,-19153.8574,-86594.9922,-51778.7539
1768.700641906,-14.618,-16.138,-18.0379,-16.8085,-92269.3203,-20852.2109,-25870.1777,-43626.6055,-122.8228,4232.4595,-114.1057,1132.25,-68706.625,-19109.8242,-86536.2734,-51739.5703
1768.704642911,-14.6627,-16.205,-18.0155,-16.8309,-92212.0547,-20790.9668,-25806.4746,-43572.8047,-20.4965,4193.9697,-15.5568,1096.8448,-68687.3828,-19078.041,-86522.1484,-51713.3984
1768.708637619,-14.618,-16.1156,-18.0155,-16.7862,-92217.8203,-20779.166,-25791.9902,-43560.9805,-56.3711,4334.7856,-47.1398,1237.5267,-68702.9375,-19089.6406,-86542.3984,-51725.5586
1768.712634735,-14.5733,-16.0486,-18.0602,-16.7638,-92242.6562,-20801.1367,-25816.9805,-43581.5664,-306.733,4595.9434,-282.3025,1494.8623,-68751.0156,-19151.4668,-86592.6719,-51777.168
1768.716631943,-14.618,-16.1156,-18.0602,-16.8085,-92276.6484,-20854.5801,-25879.9668,-43633.1992,-171.4379,4293.7925,-160.9773,1193.0244,-68714.1562,-19123.9746,-86545.6406,-51750.6797
1768.720636466,-14.6627,-16.138,-18.0379,-16.8532,-92219.5,-20800.2656,-25823.6855,-43586.4844,-22.0612,4155.7256,-17.2779,1058.7126,-68681.2969,-19076.2305,-86513.8828,-51713.0391
1768.7246286,-14.6851,-16.1156,-18.0379,-16.7862,-92213.6875,-20776.8848,-25794.0469,-43566.0742,-39.652,4306.1084,-32.0077,1208.9835,-68696.4766,-19085.4844,-86535.3594,-51724.4414
1768.728623734,-14.6851,-16.0933,-18.0379,-16.8085,-92237.4219,-20796.4883,-25812.7109,-43586.1016,-278.1451,4579.269,-254.3852,1479.3726,-68744.8203,-19143.3086,-86588.1797,-51775.918
1768.732621386,-14.618,-16.1156,-17.9932,-16.7862,-92278.9766,-20854.8711,-25879.9902,-43642.3633,-218.1977,4362.0771,-204.3844,1260.929,-68725.0391,-19133.8301,-86558.4297,-51768.3828
1768.736616409,-14.618,-16.1156,-18.0155,-16.7862,-92228.2344,-20812.291,-25839.7793,-43607.6719,-27.8279,4148.3496,-22.7541,1051.2697,-68683.0625,-19076.3203,-86514.6641,-51722.25
1768.740619062,-14.7298,-16.0709,-18.0379,-16.8085,-92213.5078,-20777.6895,-25800.6406,-43577.1836,-30.756,4289.3892,-23.6705,1193.7843,-68695.8516,-19078.5332,-86534.3125,-51727.5234
1768.744614863,-14.7298,-16.0709,-18.0155,-16.8085,-92234.4922,-20791.0566,-25814.7227,-43590.1055,-238.8954,4548.9375,-217.773,1450.0695,-68738.9688,-19126.8125,-86580.8672,-51771.7812
1768.748613275,-14.6627,-16.0709,-18.0155,-16.8085,-92278.7266,-20849.5293,-25883.3652,-43643.5039,-287.1976,4454.9707,-269.8079,1354.2698,-68740.1953,-19142.8164,-86573.4062,-51784.9922
1768.752643334,-14.6627,-16.138,-18.0379,-16.8085,-92241.2031,-20825.209,-25866.1543,-43626.8516,-42.4907,4156.9326,-36.8133,1059.2715,-68689.2109,-19080.9023,-86517.2969,-51730.6992
1768.756613043,-14.6851,-16.138,-18.0379,-16.8085,-92215.5625,-20782.1602,-25818.7012,-43591.7578,-23.4917,4255.8394,-17.8143,1161.8213,-68694.625,-19077.6387,-86527.4922,-51727.1016
1768.760612603,-14.6627,-16.1156,-18.0379,-16.8085,-92227.6797,-20784.0371,-25821.3379,-43595.0195,-177.7858,4473.21,-160.9549,1376.264,-68726.6094,-19111.5469,-86563.3906,-51756.7148
1768.764604904,-14.5733,-16.1603,-17.9932,-16.8309,-92269.6562,-20832.4297,-25879.3633,-43640.6641,-304.0955,4502.7812,-284.8953,1401.9238,-68744.5078,-19145.5879,-86577.4297,-51785.9531
1768.768599112,-14.5957,-16.1603,-18.0155,-16.8756,-92249.2031,-20827.8691,-25881.5996,-43640.707,-59.2768,4138.3809,-52.996,1041.0996,-68683.7109,-19077.5273,-86512.0,-51728.2188
1768.772600301,-14.6627,-16.138,-18.0155,-16.8532,-92209.9766,-20773.3086,-25818.0762,-43590.6836,-33.2817,4273.9663,-24.7434,1179.1886,-68693.9531,-19078.0859,-86530.2188,-51729.4453
1768.776597417,-14.618,-16.1156,-18.0826,-16.7415,-92231.0547,-20785.1992,-25828.9375,-43599.918,-140.6819,4442.4092,-123.7169,1344.9268,-68719.8828,-19107.4785,-86561.8047,-51753.5195
1768.780594218,-14.618,-16.1156,-18.0379,-16.7415,-92264.7812,-20825.9473,-25876.6816,-43637.332,-333.1751,4567.8472,-310.0634,1467.5485,-68752.1094,-19157.5684,-86592.7578,-51796.457
1768.784591204,-14.6627,-16.1156,-18.0379,-16.8085,-92264.3359,-20843.3145,-25904.5762,-43656.1758,-93.6315,4170.3438,-85.9201,1072.2802,-68691.3125,-19095.1855,-86524.8125,-51744.8242
1768.788590727,-14.6627,-16.1827,-18.0155,-16.8532,-92213.0625,-20778.9199,-25836.627,-43600.7891,-24.8328,4235.2534,-17.7473,1139.7603,-68687.9609,-19078.8457,-86528.0312,-51733.2461
1768.792590342,-14.618,-16.1156,-18.0602,-16.8085,-92229.1328,-20782.1387,-25836.4707,-43602.6875,-95.1961,4387.6025,-82.1427,1290.8802,-68709.8672,-19098.1582,-86552.6172,-51750.7695
1768.796592347,-14.618,-16.0486,-18.0826,-16.7862,-92259.9297,-20815.8887,-25871.877,-43633.5352,-341.11,4604.3252,-316.9924,1503.8701,-68755.5078,-19160.0039,-86597.4297,-51801.9336
1768.800584944,-14.618,-16.0709,-18.0826,-16.8085,-92275.9844,-20854.3555,-25920.625,-43672.2031,-128.5896,4223.7197,-119.5148,1124.5164,-68704.5938,-19109.9141,-86535.5156,-51757.8125
1768.804580856,-14.7074,-16.1156,-18.0379,-16.8532,-92217.6172,-20790.9219,-25854.2402,-43619.0039,-24.4081,4217.3271,-17.6355,1121.2306,-68693.0312,-19081.5723,-86526.8906,-51736.3984
1768.80857573,-14.7298,-16.138,-18.0155,-16.8085,-92228.5938,-20785.4688,-25848.2734,-43616.9023,-65.4236,4353.4048,-53.3089,1256.928,-68710.6016,-19094.4238,-86547.1406,-51750.4805
1768.812574624,-14.6404,-16.138,-18.0602,-16.8532,-92253.6484,-20808.2227,-25875.4082,-43639.3672,-306.4648,4592.7246,-279.5533,1493.0518,-68756.8281,-19153.5684,-86593.4531,-51800.2109
1768.816568554,-14.6404,-16.1827,-18.0155,-16.8085,-92282.7734,-20855.5625,-25933.0078,-43683.4883,-172.1308,4286.5059,-159.2785,1187.347,-68720.4844,-19123.3926,-86545.8672,-51772.0938
1768.820572133,-14.6627,-16.2274,-17.9932,-16.8085,-92225.4219,-20797.7168,-25873.5742,-43634.4492,-23.2235,4171.5508,-18.0826,1075.2531,-68690.0625,-19077.6836,-86517.75,-51735.4375
1768.82457297,-14.7074,-16.1156,-18.0379,-16.8085,-92226.5156,-20780.7305,-25850.0391,-43619.4531,-41.6637,4318.5581,-33.0582,1221.5005,-68707.0703,-19087.7422,-86540.5703,-51745.9648
1768.828565697,-14.6627,-16.0933,-18.0155,-16.7862,-92249.1797,-20799.4609,-25868.8359,-43636.2383,-273.7418,4576.8999,-250.5407,1477.5397,-68753.5625,-19144.0449,-86590.2969,-51793.1289
1768.832563072,-14.6851,-16.0709,-17.9932,-16.7862,-92288.6797,-20854.9375,-25934.1035,-43688.4297,-225.5738,4370.1235,-212.0063,1270.8755,-68734.1406,-19137.0723,-86561.8906,-51785.8867
1768.836568539,-14.6851,-16.1603,-18.0155,-16.8309,-92237.6719,-20810.8379,-25892.6406,-43652.6211,-29.1243,4171.6626,-23.894,1075.3871,-68694.1953,-19084.7012,-86521.5234,-51743.4844
1768.840561636,-14.6404,-16.138,-18.0602,-16.8085,-92228.125,-20783.3672,-25860.8789,-43627.3438,-30.4431,4296.0054,-23.7152,1200.9816,-68707.4531,-19090.1113,-86539.6484,-51750.9492
1768.844559326,-14.618,-16.1156,-18.0379,-16.8309,-92245.1797,-20793.4258,-25873.5078,-43634.7617,-218.98,4522.7412,-198.9305,1425.7284,-68745.0469,-19133.9199,-86580.3516,-51787.0039
1768.848553108,-14.5733,-16.138,-18.0379,-16.7862,-92283.4922,-20844.8789,-25934.1484,-43680.7188,-257.2909,4437.5142,-240.326,1338.4448,-68745.6719,-19149.8574,-86572.1953,-51796.9492
1768.852603946,-14.6851,-16.138,-18.0155,-16.7638,-92245.0703,-20818.6602,-25911.6406,-43660.3125,-39.6073,4150.2495,-33.9747,1054.7118,-68696.0078,-19089.9316,-86516.6953,-51744.6016
1768.85655221,-14.6851,-16.1603,-18.0155,-16.7862,-92219.0938,-20776.9961,-25863.6055,-43621.2383,-33.17,4280.2471,-24.4975,1186.8329,-68706.6016,-19092.2344,-86533.2109,-51748.043
1768.860549307,-14.6627,-16.138,-18.0602,-16.8532,-92238.9922,-20789.2227,-25875.6973,-43629.9805,-184.6478,4485.9502,-164.0395,1390.0326,-68739.4844,-19129.1816,-86569.4688,-51781.4375
1768.864544182,-14.6404,-16.1603,-18.0826,-16.8085,-92277.5703,-20837.5488,-25931.1309,-43671.5977,-295.803,4502.96,-275.2841,1403.4884,-68754.5,-19159.9609,-86578.1641,-51805.4648
1768.868543223,-14.6851,-16.138,-17.9932,-16.7862,-92253.8984,-20829.0547,-25926.7715,-43663.9297,-58.7627,4153.4458,-51.9455,1056.7234,-68697.4375,-19093.4414,-86514.9297,-51750.7695
1768.872544265,-14.7074,-16.1827,-18.0602,-16.8085,-92217.6875,-20776.4824,-25867.4277,-43617.707,-33.617,4267.0596,-25.2351,1173.176,-68704.9453,-19089.5293,-86530.6016,-51752.0664
1768.876534991,-14.7074,-16.1156,-18.0826,-16.8085,-92237.0625,-20785.0879,-25874.6484,-43626.0234,-143.4088,4436.0166,-127.0026,1341.2834,-68730.9219,-19116.8438,-86560.7031,-51776.7227
1768.88053507,-14.6627,-16.0709,-18.0155,-16.8085,-92272.8984,-20827.8926,-25922.4805,-43665.5625,-334.7174,4571.8931,-312.0751,1472.7788,-68764.9375,-19168.8789,-86592.6016,-51820.8867
1768.884534889,-14.618,-16.1827,-18.0155,-16.8085,-92267.7969,-20844.7227,-25945.0117,-43683.332,-89.8764,4180.4917,-82.6568,1082.875,-68706.1562,-19108.0371,-86526.1094,-51769.3008
1768.888532264,-14.6851,-16.138,-18.0379,-16.8532,-92217.0625,-20782.7188,-25876.6152,-43628.707,-23.6258,4239.2095,-17.032,1144.4316,-68702.9844,-19091.7422,-86528.6094,-51759.6445
1768.892532694,-14.6627,-16.1156,-18.0379,-16.7862,-92232.375,-20786.6973,-25876.3906,-43629.1953,-98.1689,4394.8223,-85.2943,1299.4187,-68726.5625,-19111.2773,-86555.7031,-51780.8555
1768.896526366,-14.618,-16.138,-18.0155,-16.8532,-92262.8125,-20820.2246,-25914.2324,-43660.2422,-327.0507,4589.5732,-303.2685,1491.4872,-68769.2344,-19167.2012,-86597.5859,-51829.8281
1768.900527814,-14.618,-16.1156,-18.0155,-16.8085,-92273.4766,-20850.043,-25953.7051,-43692.1172,-122.2417,4221.2832,-113.0104,1124.5164,-68717.7109,-19116.418,-86536.0312,-51785.0117
1768.904522523,-14.6851,-16.1827,-18.0379,-16.8532,-92215.9688,-20785.6914,-25884.9062,-43636.2148,-20.9436,4203.8491,-15.6909,1109.6075,-68703.1172,-19087.1387,-86525.3906,-51759.5312
1768.908523342,-14.7522,-16.138,-18.0155,-16.8085,-92225.4688,-20779.9922,-25873.5977,-43628.7266,-66.9658,4357.3159,-55.0076,1262.4937,-68723.7656,-19105.959,-86549.7344,-51773.9922
1768.912522402,-14.7074,-16.1156,-18.0155,-16.8085,-92251.4141,-20806.9492,-25901.4688,-43651.4141,-306.8447,4596.189,-283.0178,1498.2598,-68769.7656,-19166.2637,-86596.2422,-51824.6875
1768.916523999,-14.6851,-16.1156,-18.0379,-16.8085,-92278.1953,-20853.6406,-25957.5059,-43695.0234,-180.3115,4310.042,-167.951,1212.828,-68736.7969,-19141.7441,-86552.5703,-51804.1445
1768.920514448,-14.6851,-16.1603,-18.0379,-16.8532,-92221.0859,-20798.3438,-25899.6816,-43647.8594,-23.3799,4176.1553,-18.4625,1081.8021,-68705.0391,-19095.0273,-86521.5234,-51765.5898
1768.924508712,-14.7522,-16.1156,-17.9708,-16.8756,-92219.0938,-20779.2773,-25875.0723,-43630.6484,-41.8425,4317.3066,-34.4664,1222.618,-68721.2656,-19103.0078,-86541.7266,-51772.3633
1768.928512383,-14.7298,-16.1156,-17.9708,-16.8309,-92242.5234,-20797.3379,-25895.4785,-43645.8281,-276.9605,4579.1123,-254.7428,1482.1218,-68768.5391,-19160.0723,-86591.2422,-51820.5508
1768.932507758,-14.6851,-16.1156,-18.0602,-16.8085,-92279.0391,-20851.5625,-25960.3672,-43695.5156,-217.9966,4380.6289,-204.2279,1283.236,-68752.3594,-19155.8242,-86565.9844,-51815.8594
1768.936507336,-14.7074,-16.138,-18.0826,-16.8085,-92227.5859,-20807.9551,-25917.4062,-43659.3711,-29.3702,4148.3945,-24.1622,1055.5388,-68708.6797,-19097.6875,-86520.2734,-51768.3594
1768.940509433,-14.7298,-16.138,-18.0379,-16.7862,-92211.9453,-20772.7285,-25877.7988,-43629.2188,-37.0815,4293.1445,-28.6326,1201.5851,-68722.6484,-19103.3652,-86539.2734,-51774.9336
1768.94451816,-14.7745,-16.0933,-18.0379,-16.7862,-92233.7812,-20788.8438,-25895.9258,-43643.3438,-222.3328,4528.3291,-202.2609,1432.6573,-68762.7031,-19151.332,-86582.2969,-51814.9414
1768.948500146,-14.7298,-16.0709,-18.0379,-16.8309,-92272.2031,-20841.4824,-25956.9473,-43691.0,-267.5951,4455.999,-249.7137,1359.0531,-68766.7031,-19171.1133,-86578.2734,-51827.3242
1768.952511391,-14.7074,-16.1156,-18.0379,-16.8756,-92235.0078,-20815.1953,-25934.1035,-43669.5195,-42.1777,4151.6353,-35.9863,1057.7516,-68714.4453,-19110.25,-86521.7891,-51774.0391
1768.956497358,-14.6851,-16.1827,-18.0379,-16.8085,-92208.4766,-20771.3418,-25884.2598,-43630.4258,-29.2584,4270.3457,-21.3459,1178.384,-68722.4922,-19109.6465,-86537.0547,-51775.582
1768.96049827,-14.6404,-16.138,-18.0155,-16.7415,-92227.0781,-20780.127,-25892.2832,-43637.6914,-169.3145,4470.3267,-151.7683,1375.9287,-68752.2188,-19142.6152,-86570.6094,-51802.8516
1768.964490978,-14.6404,-16.138,-18.0379,-16.8085,-92266.3438,-20826.998,-25946.0176,-43679.8008,-307.8729,4519.8804,-288.1587,1421.8839,-68774.8438,-19180.0762,-86588.6016,-51832.8672
1768.968490316,-14.6627,-16.2274,-18.0155,-16.8309,-92244.3984,-20820.4492,-25943.9375,-43677.2969,-62.9649,4161.7607,-56.8628,1066.6923,-68718.1562,-19116.7539,-86525.1875,-51777.9727
1768.972489376,-14.6851,-16.1603,-18.0155,-16.8979,-92207.1797,-20767.0508,-25885.9355,-43630.8945,-22.9552,4257.1357,-16.8756,1163.967,-68723.2109,-19109.2656,-86535.4453,-51772.4297
1768.976522732,-14.6851,-16.1156,-17.9932,-16.8532,-92223.3203,-20772.4141,-25891.457,-43637.2422,-135.988,4440.7104,-120.5877,1345.4856,-68751.3984,-19136.9375,-86567.6562,-51796.6367
1768.980484589,-14.6404,-16.1156,-17.9932,-16.8085,-92260.5156,-20816.3809,-25940.9648,-43678.5703,-321.9545,4557.2974,-299.111,1459.1219,-68782.6406,-19183.832,-86596.9844,-51836.1992
1768.984520834,-14.6627,-16.0933,-17.9932,-16.7862,-92250.9922,-20823.8457,-25956.0078,-43689.3242,-86.7695,4168.8237,-78.7228,1072.7943,-68722.7422,-19120.7109,-86529.2109,-51779.4258
1768.988478376,-14.6851,-16.138,-17.9708,-16.8532,-92203.8281,-20762.5586,-25888.1484,-43633.1523,-32.2759,4247.5913,-24.6093,1153.7523,-68723.5703,-19106.9199,-86536.6094,-51769.4805
1768.992485287,-14.6627,-16.138,-17.9932,-16.8532,-92222.3125,-20770.0684,-25891.2773,-43637.5781,-98.2583,4389.6816,-84.5119,1295.2389,-68742.7031,-19125.1367,-86560.1719,-51787.6953
1768.996477255,-14.5733,-16.1156,-18.0155,-16.7638,-92250.6328,-20802.6348,-25927.666,-43665.8086,-325.6649,4592.8364,-302.8885,1495.1976,-68784.7188,-19181.9766,-86602.0156,-51836.6016
1769.000473111,-14.618,-16.138,-17.9932,-16.7191,-92260.3828,-20831.959,-25965.6641,-43693.6133,-123.1805,4223.7197,-115.1562,1127.4443,-68733.2656,-19133.7871,-86540.1172,-51794.2461
1769.004499819,-14.6851,-16.2274,-18.0155,-16.8532,-92204.3906,-20767.6094,-25896.082,-43638.4297,-30.1972,4225.1279,-22.1729,1132.0712,-68721.3516,-19111.457,-86534.1953,-51776.0039
1769.008478268,-14.6404,-16.1603,-18.0379,-16.8532,-92217.1094,-20767.1621,-25893.9824,-43637.8008,-69.0892,4350.3872,-57.3099,1257.7997,-68735.6562,-19125.627,-86554.0,-51788.8789
1769.012464476,-14.6627,-16.138,-17.9708,-16.8309,-92239.2344,-20792.9785,-25921.8105,-43659.9297,-307.5824,4594.647,-283.1072,1497.7233,-68780.5234,-19184.0996,-86601.9453,-51839.1484
1769.016466092,-14.618,-16.1603,-17.9708,-16.7862,-92262.9062,-20838.5527,-25973.5996,-43701.2383,-170.4544,4282.2144,-158.7421,1185.8271,-68741.5391,-19153.0762,-86553.7969,-51812.125
1769.020470356,-14.7074,-16.2274,-17.9708,-16.8085,-92203.875,-20777.668,-25908.623,-43647.0781,-25.9057,4190.5947,-20.0495,1097.0684,-68715.3672,-19112.1504,-86529.5703,-51779.7148
1769.02445886,-14.6627,-16.1603,-18.0155,-16.8979,-92210.8906,-20767.6992,-25894.8535,-43636.6641,-59.098,4343.458,-47.4304,1250.3342,-68735.9531,-19127.4824,-86554.7812,-51796.0547
1769.028458679,-14.6627,-16.1156,-17.9708,-16.8085,-92233.9609,-20791.2793,-25920.1113,-43657.3398,-279.3745,4576.5869,-255.9051,1480.5348,-68779.3828,-19181.0605,-86601.1172,-51842.9062
1769.032484406,-14.7074,-16.1156,-17.9932,-16.7415,-92265.5859,-20841.4824,-25978.248,-43704.5,-214.2638,4353.4048,-201.1657,1256.1904,-68756.2891,-19169.9961,-86569.5391,-51832.1523
1769.036462522,-14.6851,-16.1603,-17.9932,-16.8756,-92210.9141,-20789.3125,-25924.9395,-43661.6523,-30.4654,4164.4204,-24.4081,1069.598,-68715.4531,-19116.709,-86529.8828,-51787.5391
1769.040462489,-14.6627,-16.1156,-18.0602,-16.8532,-92207.4062,-20767.1406,-25896.709,-43641.2227,-46.0446,4317.3735,-35.6957,1224.3392,-68733.0,-19128.8906,-86554.2031,-51799.6992
1769.044458956,-14.6404,-16.0933,-18.0379,-16.7862,-92227.4766,-20784.373,-25914.4121,-43655.7266,-238.1355,4543.4614,-217.326,1448.3036,-68773.7266,-19176.6348,-86596.8516,-51841.6523
1769.048451257,-14.6404,-16.0709,-17.9708,-16.8309,-92265.8359,-20839.0,-25976.7949,-43706.0664,-268.8691,4436.0615,-252.2618,1338.1766,-68772.875,-19188.8164,-86587.1719,-51851.957
1769.052456762,-14.6851,-16.1156,-18.0602,-16.8532,-92219.875,-20800.668,-25941.748,-43674.5469,-39.8755,4148.8862,-34.0194,1054.0189,-68721.0859,-19123.8848,-86532.0312,-51798.6914
1769.056452488,-14.7074,-16.138,-18.0379,-16.8085,-92201.2344,-20763.8984,-25899.3242,-43639.1445,-28.6996,4282.7061,-21.6588,1189.3363,-68732.8438,-19124.4199,-86550.3828,-51803.6094
1769.060441419,-14.6851,-16.1603,-18.0155,-16.7862,-92218.875,-20775.6328,-25909.1133,-43648.375,-183.9772,4490.4653,-164.8441,1394.9948,-68767.4219,-19161.748,-86588.9141,-51837.3164
1769.064441386,-14.6627,-16.1827,-17.9708,-16.7638,-92260.6484,-20828.6289,-25970.4688,-43696.5859,-314.7573,4522.8755,-293.5678,1425.0131,-68787.0234,-19199.3652,-86606.4375,-51870.4883
1769.068442779,-14.7074,-16.1156,-17.9932,-16.7415,-92233.6719,-20817.8555,-25967.2949,-43690.3945,-65.0883,4153.7588,-58.6063,1058.2209,-68726.0234,-19133.0254,-86540.75,-51815.0781
1769.072440154,-14.7298,-16.138,-17.9037,-16.9203,-92196.9688,-20766.6934,-25909.5605,-43643.5898,-32.4324,4270.2559,-24.9893,1176.8417,-68732.2422,-19128.9355,-86554.3828,-51816.5312
1769.076439436,-14.6627,-16.1827,-17.9708,-16.8979,-92217.8203,-20780.4844,-25919.4629,-43654.8789,-142.6712,4445.9629,-126.5556,1351.2747,-68757.9688,-19157.0098,-86584.0859,-51842.1211
1769.080434885,-14.6851,-16.1827,-18.0155,-16.8085,-92252.6641,-20826.2598,-25968.4355,-43694.8203,-323.2956,4563.4663,-300.698,1465.7156,-68787.4453,-19202.7637,-86610.2812,-51878.7344
1769.084427075,-14.6404,-16.2274,-17.9708,-16.8085,-92241.2266,-20835.0664,-25981.5566,-43703.0703,-87.0377,4191.9355,-79.1699,1095.6155,-68731.9688,-19145.1855,-86546.5156,-51828.5117
1769.088432857,-14.6851,-16.205,-17.9932,-16.8532,-92196.9219,-20778.0469,-25918.7246,-43653.2695,-20.6083,4237.1753,-15.4004,1143.6494,-68727.7031,-19128.5332,-86546.6953,-51815.1445
1769.092425806,-14.6851,-16.1156,-17.9932,-16.8085,-92210.0234,-20779.4551,-25915.8418,-43653.0,-93.9444,4383.9819,-81.5615,1290.6121,-68746.3438,-19145.9453,-86568.7734,-51829.0234
1769.096428977,-14.6851,-16.1156,-18.0379,-16.7862,-92242.9922,-20817.1641,-25955.0254,-43685.3008,-334.8738,4601.3525,-309.4376,1503.7583,-68792.1016,-19205.9824,-86613.3438,-51879.3164
1769.100423926,-14.6627,-16.138,-18.0379,-16.7862,-92250.8359,-20847.2715,-25993.2227,-43713.3945,-126.5332,4241.5786,-116.989,1145.6163,-68743.3906,-19162.1055,-86555.2109,-51841.2734
1769.104414042,-14.7298,-16.1827,-18.0379,-16.8532,-92196.2734,-20786.4746,-25927.6875,-43658.2539,-21.3683,4207.8945,-16.0709,1114.7487,-68725.6875,-19130.6348,-86541.8438,-51816.6172
1769.108423343,-14.7745,-16.1156,-18.0602,-16.8085,-92206.1797,-20780.2148,-25917.6074,-43652.7539,-70.5421,4359.3052,-58.8074,1265.5558,-68744.9375,-19146.7051,-86565.7109,-51829.8047
1769.112409995,-14.6851,-16.1156,-18.0155,-16.8085,-92234.1406,-20808.5137,-25950.0625,-43678.7969,-307.6271,4594.3115,-284.3589,1497.1422,-68790.8203,-19205.6914,-86612.4297,-51878.9805
1769.116416666,-14.6851,-16.138,-17.9708,-16.8309,-92256.1328,-20849.998,-26000.9355,-43718.0,-173.2037,4292.7866,-162.6313,1196.0642,-68754.1016,-19176.5449,-86564.3047,-51852.3359
1769.120408263,-14.7298,-16.2274,-18.0155,-16.9203,-92197.0156,-20788.0391,-25935.2441,-43664.0664,-23.7152,4182.6372,-18.3284,1088.1722,-68723.6094,-19133.5859,-86535.9375,-51816.2383
1769.124405416,-14.6851,-16.138,-18.0155,-16.8532,-92203.4062,-20777.3984,-25919.0156,-43653.7852,-51.6772,4336.2383,-40.859,1242.1758,-68741.2734,-19148.4941,-86560.7734,-51831.0352
1769.128401198,-14.6627,-16.1156,-18.0602,-16.8085,-92227.8125,-20801.5391,-25944.5645,-43673.9453,-286.8623,4588.5674,-262.8118,1492.3813,-68787.8516,-19204.6855,-86610.7109,-51882.332
1769.132410295,-14.6627,-16.0933,-18.0155,-16.7862,-92259.9766,-20853.998,-26006.2539,-43722.1797,-224.0762,4372.873,-210.0393,1276.7987,-68768.6484,-19196.8848,-86580.8672,-51873.7266
1769.136418559,-14.6627,-16.1827,-17.9932,-16.8309,-92203.6094,-20801.4492,-25955.002,-43678.9531,-28.8785,4166.4995,-23.7152,1073.1967,-68726.6328,-19141.9004,-86538.6641,-51827.4375
1769.14040286,-14.6851,-16.138,-18.0155,-16.8309,-92196.6328,-20777.623,-25926.168,-43656.4648,-32.41,4301.437,-24.8551,1209.1176,-68738.7656,-19148.7852,-86558.25,-51836.1328
1769.144394383,-14.6627,-16.138,-18.0379,-16.7638,-92214.9844,-20791.123,-25940.4062,-43667.9766,-229.7089,4538.5439,-207.9159,1443.7216,-68779.8516,-19195.3652,-86602.8359,-51877.9297
1769.148396146,-14.5957,-16.138,-18.0379,-16.7638,-92255.0156,-20845.0352,-26003.5059,-43718.1133,-266.5222,4446.4551,-249.6466,1349.6654,-68780.8516,-19209.5586,-86595.375,-51890.3789
1769.152393558,-14.6627,-16.138,-18.0379,-16.8309,-92210.1562,-20808.8926,-25969.2188,-43688.7656,-39.5626,4154.9883,-34.2429,1061.462,-68729.5391,-19147.377,-86539.8281,-51837.9648
1769.156389359,-14.6627,-16.138,-18.0379,-16.8309,-92190.4375,-20770.4922,-25923.0605,-43655.5273,-25.8386,4274.5923,-19.2449,1182.5861,-68738.3672,-19144.5156,-86554.625,-51837.3594
1769.160414197,-14.7074,-16.1156,-18.0379,-16.7638,-92208.9453,-20781.8477,-25932.9414,-43666.6367,-185.3183,4495.0474,-166.3864,1400.7838,-68773.9688,-19181.6191,-86595.4375,-51871.9609
